﻿dataset_name,dataset_rid,project_name,dataset_path,last_modified_date
x_ndr_eric_lcell_rrh,ri.foundry.main.dataset.2d4b7fdf-1e10-498a-bf7d-34ba6c1808f7,[Source] NetAudit for Square Inch Forecasting,/Innovation Lab/[Source] NetAudit for Square Inch Forecasting/data/raw/snowflake_raw/x_ndr_eric_lcell_rrh,2026-01-25T10:02:33.093585313Z
ERICSSONLTE.NRCellDU,ri.foundry.main.dataset.31e67c33-caa7-4ef5-a2f0-f6785f388711,[Source] Canopi,/Innovation Lab/[Source] Canopi/data/raw/ERICSSONLTE.NRCellDU,2026-01-25T12:03:28.463457951Z
x_site_general_info,ri.foundry.main.dataset.6ea1b9ff-686d-40de-b8d3-e3966b2058ee,[Source] DIY SiteTracker-NAM-OOF-uTrack,/Innovation Lab 3/[Source] DIY SiteTracker-NAM-OOF-uTrack/data/NetAudit/raw/x_site_general_info,2026-01-15T22:11:33.250814455Z
x_ndr_nokia_lcell_rrh,ri.foundry.main.dataset.d8b17a3f-054e-4a51-b0b0-c1040df5edd8,[Source] NetAudit for Square Inch Forecasting,/Innovation Lab/[Source] NetAudit for Square Inch Forecasting/data/raw/snowflake_raw/x_ndr_nokia_lcell_rrh,2026-01-25T10:04:42.655030034Z
x_ndr_nokia_enb,ri.foundry.main.dataset.10b3fb52-c864-4470-adf2-ef20f262ad1f,[Source] NetAudit for Square Inch Forecasting,/Innovation Lab/[Source] NetAudit for Square Inch Forecasting/data/raw/x_ndr_nokia_enb,2024-09-27T11:01:31.744180301Z
x_site_general_info,ri.foundry.main.dataset.42b50cd3-036d-4816-9237-1c1e74dd33b0,[Source] Snowflake DIY NETAUDIT,/Innovation Lab 3/[Source] Snowflake DIY NETAUDIT/data/raw/x_site_general_info,2026-01-25T11:01:09.533908288Z
x_ndr_nokia_lcell_rrh,ri.foundry.main.dataset.6d1e029a-b078-4e01-b4e7-325163f9084f,[Source] NetAudit for Square Inch Forecasting,/Innovation Lab/[Source] NetAudit for Square Inch Forecasting/data/raw/x_ndr_nokia_lcell_rrh,2024-04-25T11:01:01.403470790Z
X_ERIC_5GNR_CELL_RRH,ri.foundry.main.dataset.ea8117f8-0065-4acf-876a-c4a8fe286dba,[Source] Snowflake DIY NETAUDIT,/Innovation Lab 3/[Source] Snowflake DIY NETAUDIT/data/raw/X_ERIC_5GNR_CELL_RRH,2026-01-25T15:00:59.485606739Z
x_ndr_nokia_enb,ri.foundry.main.dataset.c33b228f-c0fb-449f-ae9e-85493e1d4c5d,[Source] Netcool GFP-M alarms,/Innovation Lab/[Source] Netcool GFP-M alarms/data/raw/x_ndr_nokia_enb,2024-04-04T05:56:49.462784941Z
x_site_general_info,ri.foundry.main.dataset.6ac5c56d-3c4e-466e-a5aa-db5d2238be81,[Source] NetAudit for Square Inch Forecasting,/Innovation Lab/[Source] NetAudit for Square Inch Forecasting/data/raw/x_site_general_info,2024-09-27T11:01:32.636835989Z
LEVO_SITE_MASTER_BRD,ri.foundry.main.dataset.8d5a861a-5a09-4ba2-9950-bc4d2377e4ea,[Source] Snowflake DIY NRC RCP,/Innovation Lab/[Source] Snowflake DIY NRC RCP/data/raw/LEVO/LEVO_SITE_MASTER_BRD,2026-01-25T09:25:02.692407021Z
x_nok_5gnr_cell_rrh,ri.foundry.main.dataset.ea62c7dc-a560-4444-bab9-f8814aa7e45c,[Source] NetAudit for Square Inch Forecasting,/Innovation Lab/[Source] NetAudit for Square Inch Forecasting/data/raw/snowflake_raw/x_nok_5gnr_cell_rrh,2026-01-25T12:01:17.722527499Z
x_ndr_eric_lcell_rrh,ri.foundry.main.dataset.03e5872d-b631-4064-a5be-766404563a04,[Source] NetAudit for Square Inch Forecasting,/Innovation Lab/[Source] NetAudit for Square Inch Forecasting/data/raw/x_ndr_eric_lcell_rrh,2024-04-25T11:01:20.451150502Z
x_nok_5gnr_cell_rrh,ri.foundry.main.dataset.6e603676-3c78-4cd9-807e-2e9b15197461,[Source] NetAudit for Square Inch Forecasting,/Innovation Lab/[Source] NetAudit for Square Inch Forecasting/data/raw/x_nok_5gnr_cell_rrh,2024-09-27T11:01:11.107545680Z
nokialte_NRCELL,ri.foundry.main.dataset.7fbf8aba-161e-492e-ae62-64c2d85a27c6,[Source] Canopi,/Innovation Lab/[Source] Canopi/data/raw/Prod/nokialte_NRCELL,2026-01-25T13:03:33.453344902Z
x_ndr_nokia_enb,ri.foundry.main.dataset.b33b5e5b-6403-4d84-96fd-bac35d1c9a87,[Source] Snowflake DIY NETAUDIT,/Innovation Lab 3/[Source] Snowflake DIY NETAUDIT/data/raw/x_ndr_nokia_enb,2026-01-25T11:02:19.872457648Z
